"","V1","V2","V3","V4","V5","V6","V7","V8","V9"
"marker.week.feature","M1_1","M1_2","M1_3","M3_1","M3_2","M3_3","M4_1","M4_2","M4_3"
"marker.week.feature","M1_1","M1_2","M1_3","M3_1","M3_2","M3_3","M4_1","M4_2","M4_3"
"marker.week.feature","M1_1","M1_2","M1_3","M3_1","M3_2","M3_3","M4_1","M4_2","M4_3"
"marker.week.feature","M1_1","M1_2","M1_3","M3_1","M3_2","M3_3","M4_1","M4_2","M4_3"
"marker.week.feature","M1_3","M1_4","M1_5","M3_3","M3_4","M3_5","M4_3","M4_4","M4_5"
"marker.week.feature","M1_4","M1_5","M1_6","M3_4","M3_5","M3_6","M4_4","M4_5","M4_6"
"marker.week.feature","M1_4","M1_5","M1_6","M3_4","M3_5","M3_6","M4_4","M4_5","M4_6"
"marker.week.feature","M1_4","M1_5","M1_6","M3_4","M3_5","M3_6","M4_4","M4_5","M4_6"
"marker.week.feature","M1_4","M1_5","M1_6","M3_4","M3_5","M3_6","M4_4","M4_5","M4_6"
"marker.week.feature","M1_4","M1_5","M1_6","M3_4","M3_5","M3_6","M4_4","M4_5","M4_6"
"marker.week.feature","M1_4","M1_5","M1_6","M3_4","M3_5","M3_6","M4_4","M4_5","M4_6"
"marker.week.feature","M1_4","M1_5","M1_6","M3_4","M3_5","M3_6","M4_4","M4_5","M4_6"
"marker.week.feature","M1_5","M1_6","M1_7","M3_5","M3_6","M3_7","M4_5","M4_6","M4_7"
"marker.week.feature","M1_5","M1_6","M1_7","M3_5","M3_6","M3_7","M4_5","M4_6","M4_7"
"marker.week.feature","M1_5","M1_6","M1_7","M3_5","M3_6","M3_7","M4_5","M4_6","M4_7"
"marker.week.feature","M1_5","M1_6","M1_7","M3_5","M3_6","M3_7","M4_5","M4_6","M4_7"
"marker.week.feature","M1_5","M1_6","M1_7","M3_5","M3_6","M3_7","M4_5","M4_6","M4_7"
"marker.week.feature","M1_5","M1_6","M1_7","M3_5","M3_6","M3_7","M4_5","M4_6","M4_7"
"marker.week.feature","M1_5","M1_6","M1_7","M3_5","M3_6","M3_7","M4_5","M4_6","M4_7"
"marker.week.feature","M1_5","M1_6","M1_7","M3_5","M3_6","M3_7","M4_5","M4_6","M4_7"
"marker.week.feature","M1_5","M1_6","M1_7","M3_5","M3_6","M3_7","M4_5","M4_6","M4_7"
"marker.week.feature","M1_5","M1_6","M1_7","M3_5","M3_6","M3_7","M4_5","M4_6","M4_7"
"marker.week.feature","M1_5","M1_6","M1_7","M3_5","M3_6","M3_7","M4_5","M4_6","M4_7"
"marker.week.feature","M1_5","M1_6","M1_7","M3_5","M3_6","M3_7","M4_5","M4_6","M4_7"
"marker.week.feature","M1_5","M1_6","M1_7","M3_5","M3_6","M3_7","M4_5","M4_6","M4_7"
"marker.week.feature","M1_5","M1_6","M1_7","M3_5","M3_6","M3_7","M4_5","M4_6","M4_7"
"marker.week.feature","M1_5","M1_6","M1_7","M3_5","M3_6","M3_7","M4_5","M4_6","M4_7"
"marker.week.feature","M1_5","M1_6","M1_7","M3_5","M3_6","M3_7","M4_5","M4_6","M4_7"
"marker.week.feature","M1_5","M1_6","M1_7","M3_5","M3_6","M3_7","M4_5","M4_6","M4_7"
"marker.week.feature","M1_5","M1_6","M1_7","M3_5","M3_6","M3_7","M4_5","M4_6","M4_7"
"marker.week.feature","M1_5","M1_6","M1_7","M3_5","M3_6","M3_7","M4_5","M4_6","M4_7"
"marker.week.feature","M1_5","M1_6","M1_7","M3_5","M3_6","M3_7","M4_5","M4_6","M4_7"
"marker.week.feature","M1_5","M1_6","M1_7","M3_5","M3_6","M3_7","M4_5","M4_6","M4_7"
"marker.week.feature","M1_5","M1_6","M1_7","M3_5","M3_6","M3_7","M4_5","M4_6","M4_7"
"marker.week.feature","M1_5","M1_6","M1_7","M3_5","M3_6","M3_7","M4_5","M4_6","M4_7"
"marker.week.feature","M1_5","M1_6","M1_7","M3_5","M3_6","M3_7","M4_5","M4_6","M4_7"
"marker.week.feature","M1_5","M1_6","M1_7","M3_5","M3_6","M3_7","M4_5","M4_6","M4_7"
"marker.week.feature","M1_5","M1_6","M1_7","M3_5","M3_6","M3_7","M4_5","M4_6","M4_7"
"marker.week.feature","M1_5","M1_6","M1_7","M3_5","M3_6","M3_7","M4_5","M4_6","M4_7"
